notice_id,post_date,title,attachment_url,attachment_sha256,retrieval
3236,2026-06-22,2026.7.1 인천광역시 서해구 법정동 변경안내,https://www.code.go.kr/bbsmng/filedownload.do?btype=dataBbs&sn=3236&type=application/octet-stream,ea5a5479417016f03882ede65002a617d27ea953a152f600977971ff0e80076b,downloaded
3237,2026-06-22,2026.7.1 전남광주통합특별시 법정동 변경안내,https://www.code.go.kr/bbsmng/filedownload.do?btype=dataBbs&sn=3237&type=application/octet-stream,37773eb11137b6b298c431cfa9020f1d78a2360ec9c9c3396aae69774a921b00,downloaded
3235,2026-02-09,2026.7.1 인천광역시 법정동 변경안내,https://www.code.go.kr/bbsmng/filedownload.do?btype=dataBbs&sn=3235&type=application/octet-stream,da0f94b79f0ea8986f54e271fc56c821195f649768e65b5b9d8b74f0e5236935,downloaded
3233,2025-12-24,2026.2.1 경기도 화성시 법정동 변경안내,https://www.code.go.kr/bbsmng/filedownload.do?btype=dataBbs&sn=3233&type=application/octet-stream,841c27ab092f3304cf48315183002192995451f6bbab76bfa59aa52db72056a5,downloaded
3232,2025-11-06,"2026.7.1 인천광역시 중구, 인천광역시 동구 법정동 변경안내",https://www.code.go.kr/bbsmng/filedownload.do?btype=dataBbs&sn=3232&type=application/octet-stream,299280e8661f0eb8045eb9ecaef030486256a020cc36a1a3a5450bb09d246497,downloaded
3231,2025-06-27,"2025.7.1 서울특별시 동대문구, 경기도 의정부시, 경기도 안양시 만안구 법정동 변경안내",https://www.code.go.kr/bbsmng/filedownload.do?btype=dataBbs&sn=3231&type=application/octet-stream,1c62ff31d78cae3945ffb77792359d03f0b4dc60cfc5cfa2c8f2dbe17b809051,downloaded
3230,2025-01-13,2025.1.13 전라남도 신안군 법정동 변경안내,https://www.code.go.kr/bbsmng/filedownload.do?btype=dataBbs&sn=3230&type=application/octet-stream,79661951921ac67d552c4b029d6891f8813ca77f87f1deb9d4b01ca06ca00cac,downloaded
3228,2024-07-22,2024.8.1 경상북도 성주군 법정동 변경안내,https://www.code.go.kr/bbsmng/filedownload.do?btype=dataBbs&sn=3228&type=application/octet-stream,52d5f2bee3fd2483f7533885e8d14535df76889d000442530ae4a7fc2ebac360,downloaded
3226,2022-08-30,2022.9.1 경기도 광주시 법정동 변경안내,https://www.code.go.kr/bbsmng/filedownload.do?btype=dataBbs&sn=3226&type=application/octet-stream,e7616e1cfbea287e10974fab9e6fd198d0a9ef580666b12e3b85fad7cd14b3d4,downloaded
3225,2022-06-29,2022.7.1 세종특별자치시 법정동 변경안내,https://www.code.go.kr/bbsmng/filedownload.do?btype=dataBbs&sn=3225&type=application/octet-stream,0457f0b44d4be1d2e631bda7e18800f5da531ce535b53d7c054368c0c9af2b12,downloaded
3224,2022-03-22,2022.4.1 부산광역시 기장군 법정동 변경안내,https://www.code.go.kr/bbsmng/filedownload.do?btype=dataBbs&sn=3224&type=application/octet-stream,5fe178342d85a814c459008e410ca37a07f198765fd84650345e44d7bb3ac367,downloaded
3223,2021-12-21,2021.12.31 경기도 여주시 법정동 변경안내,https://www.code.go.kr/bbsmng/filedownload.do?btype=dataBbs&sn=3223&type=application/octet-stream,e68e4d51c6708355a479e6e74e3b9ce486d65fcf5b086dde1e34ffe2bc469fd1,downloaded
3222,2021-11-05,2021.11.15 경기도 평택시 법정동 변경안내,https://www.code.go.kr/bbsmng/filedownload.do?btype=dataBbs&sn=3222&type=application/octet-stream,cb61a3d3bdaa68845db5a38aa4f4a0e6dbfd355938bd27f68ab4f6d3b879dbc3,downloaded
3221,2021-11-01,2021.11.2 강원도 영월군 법정동 변경안내,https://www.code.go.kr/bbsmng/filedownload.do?btype=dataBbs&sn=3221&type=application/octet-stream,34a9195d9ac00734909f8242a41de6bae9fdae2207e80cfe2817c7fe4345bede,downloaded
3219,2021-06-21,2021.7.1 경상남도 창원시 법정동 변경안내,https://www.code.go.kr/bbsmng/filedownload.do?btype=dataBbs&sn=3219&type=application/octet-stream,d482ae049cd00eda36d44f29ded51c79eecceb1974aafda2cd7d671724daed9b,downloaded
3218,2021-06-10,2021.7.5 경기도 시흥시 법정동 신설안내,https://www.code.go.kr/bbsmng/filedownload.do?btype=dataBbs&sn=3218&type=application/octet-stream,48f07ca2ae42c7029785601f67e5b32b026a11188bcddb48249c408a3bdb15d6,downloaded
3217,2021-05-28,2021.6.1 강원도 홍천군 법정동 변경안내(재부여),https://www.code.go.kr/bbsmng/filedownload.do?btype=dataBbs&sn=3217&type=application/octet-stream,4f55c687d71be64011500bd4934069fc42bae14a0173ec3a6af80be49a24dd4c,downloaded
3216,2021-05-18,2021.5.28 전라남도 담양군 법정동 변경안내,https://www.code.go.kr/bbsmng/filedownload.do?btype=dataBbs&sn=3216&type=application/octet-stream,d86c4a0939ca70fc14a7bf2d614caf58fb0ab25dc1a54cc307dbc8f42c82dc5c,downloaded
3215,2021-04-02,2021.6.1 강원도 홍천군 법정동 변경안내,https://www.code.go.kr/bbsmng/filedownload.do?btype=dataBbs&sn=3215&type=application/octet-stream,d426b5c35fd7c63426c8d70980f297ae2f9fb44fccc9ede1769540accea4eeba,downloaded
3214,2021-03-18,2021.4.1 경상북도 경주시 법정동 변경안내,https://www.code.go.kr/bbsmng/filedownload.do?btype=dataBbs&sn=3214&type=application/octet-stream,fe021d8102c7df89dd0b179d0cd7bbbba6e013040416150078262cbc1ad22009,downloaded
3213,2021-03-18,2021.3.17 전라북도 정읍시 법정동 변경안내,https://www.code.go.kr/bbsmng/filedownload.do?btype=dataBbs&sn=3213&type=application/octet-stream,4b04375c65905df7ef79bbda84f9c812d87cfe31a3166d728defbd4650c04946,downloaded
3212,2021-03-17,2021.2.19 경기도 용인시 처인구 법정동 변경안내,https://www.code.go.kr/bbsmng/filedownload.do?btype=dataBbs&sn=3212&type=application/octet-stream,fbc909b5d5edf57256aff37a3e13f949b63cdd5c966ad7599656dee0d3e36b41,downloaded
3210,2020-12-29,2020.12.18 경기도 파주시 법정동 변경안내,https://www.code.go.kr/bbsmng/filedownload.do?btype=dataBbs&sn=3210&type=application/octet-stream,b8acfc7480af59aefe5771bab78ba042e60da57377ef55c269098de53bd8f36f,downloaded
3209,2020-12-24,2021.1.1 경상북도 구미시 법정동 변경안내,https://www.code.go.kr/bbsmng/filedownload.do?btype=dataBbs&sn=3209&type=application/octet-stream,a82b4fe92ff7b22d6e62ada76a151f8d04db90b2b58af6f2b58fdc4e0c1634f5,downloaded
3208,2020-11-27,2021.1.1 경상북도 군위군 법정동 변경안내,https://www.code.go.kr/bbsmng/filedownload.do?btype=dataBbs&sn=3208&type=application/octet-stream,2c05bbf5624defd0cc5374a3483210b735fa1b20a7a950b1532cf99e4a92eee8,downloaded
3207,2020-11-05,2021.1.1 강원도 양구군 법정동 변경안내,https://www.code.go.kr/bbsmng/filedownload.do?btype=dataBbs&sn=3207&type=application/octet-stream,4d91a7c2169092f69e840094de7cd3c5487e9930dc7d6490c764cb17eed31e5c,downloaded
3206,2020-11-05,2020.10.30 충청북도 진천군 법정동 변경안내,https://www.code.go.kr/bbsmng/filedownload.do?btype=dataBbs&sn=3206&type=application/octet-stream,a65a0a98e3756dd0e01570988be1bd376a51c99de3de02dc96a0558511eeb885,downloaded
3204,2020-10-16,2020.11.1 울산광역시 울주군 법정동 변경안내,https://www.code.go.kr/bbsmng/filedownload.do?btype=dataBbs&sn=3204&type=application/octet-stream,6523113ff80e389003d445c00801baf604b359702e7d2c0a0a7f2cfe0b12bf47,downloaded
3202,2020-07-08,2020.7.15 세종특별자치시 법정동 변경안내,https://www.code.go.kr/bbsmng/filedownload.do?btype=dataBbs&sn=3202&type=application/octet-stream,91728e4093a974bb0d737fdf3b78f6917527c56e62ea16b7aab1ea06b28590d3,downloaded
3201,2020-06-12,2020.6.8 전라남도 무안군 법정동 변경안내,https://www.code.go.kr/bbsmng/filedownload.do?btype=dataBbs&sn=3201&type=application/octet-stream,914cb3666c0620d8f6630189678db5c3c0e93cfc8af2ff6357219a6e41c6eb4d,downloaded
3200,2020-06-12,2020.5.15 전라북도 전주시 덕진구 법정동 변경안내,https://www.code.go.kr/bbsmng/filedownload.do?btype=dataBbs&sn=3200&type=application/octet-stream,ad7e0cb1b3c0cc00af87778e2e28f4fe5342dd24810acddaacd3d6332fb28e48,downloaded
3199,2019-12-24,2020.1.1 전라남도 화순군 법정동 변경안내,https://www.code.go.kr/bbsmng/filedownload.do?btype=dataBbs&sn=3199&type=application/octet-stream,01a6e3a22a4459da028c0fef77094d1837252042884ac754601baaa7560f3ebb,downloaded
3197,2019-12-24,2020.1.1 경상북도 경산시 법정동 변경안내,https://www.code.go.kr/bbsmng/filedownload.do?btype=dataBbs&sn=3197&type=application/octet-stream,7473211be54042e466cf2d633c23277515c715bb2e5a6035d99644ff39e803d2,downloaded
3198,2019-12-24,2020.1.1 경상북도 상주시 법정동 변경안내,https://www.code.go.kr/bbsmng/filedownload.do?btype=dataBbs&sn=3198&type=application/octet-stream,c876c7d6190cbdf7c8abc0a8ac20dc252252c642cfbdc7e7dd5c31ca84eaea43,downloaded
3195,2019-10-15,2019.10.21 경기도 남양주시 법정동 변경안내,https://www.code.go.kr/bbsmng/filedownload.do?btype=dataBbs&sn=3195&type=application/octet-stream,ef6b96f3394f392c552300971314dd3bfa108b726165d0ee2a094dd8fcac5db2,downloaded
3194,2019-07-05,2019.7.1 충청북도 진천군 법정동 변경안내,https://www.code.go.kr/bbsmng/filedownload.do?btype=dataBbs&sn=3194&type=application/octet-stream,6ec62b69da741654506b994abceb427f24d17c099f08d4d6d01dcfea32316cbb,downloaded
3193,2019-03-26,2019.4.1 충청북도 보은군 법정동 변경안내,https://www.code.go.kr/bbsmng/filedownload.do?btype=dataBbs&sn=3193&type=application/octet-stream,e9bbdda04701454f77b509535a4227b43573916d526a8a2a62ed1c8ef9208223,downloaded
3192,2019-03-11,2019.3.1 경상북도 청송군 법정동 재변경안내,https://www.code.go.kr/bbsmng/filedownload.do?btype=dataBbs&sn=3192&type=application/octet-stream,e9d8d20fac9a6be5b69d6b1f79bbc2a351c17202694ac76fe924ad01acc4e79d,downloaded
3191,2019-02-26,2019.2.13 경상북도 청송군 법정동 변경안내,https://www.code.go.kr/bbsmng/filedownload.do?btype=dataBbs&sn=3191&type=application/octet-stream,2e98bddba843b984a05fae3240c06b00679f1bc5cb8a4d8bf7b13eff55e2f1c8,downloaded
3190,2019-02-19,2019.2.19 전라남도 담양군 법정동 변경안내,https://www.code.go.kr/bbsmng/filedownload.do?btype=dataBbs&sn=3190&type=application/octet-stream,bda8b6dae8cb6222df42b37b610c5d22e07bd3aed5cd4f44d9e6b58531f6e395,downloaded
3189,2018-11-01,2018.11.1 대구광역시 달성군 법정동 변경안내,https://www.code.go.kr/bbsmng/filedownload.do?btype=dataBbs&sn=3189&type=application/octet-stream,c62d0266cb5160c8fdb9f28ba68f3b9284d1309084438dba83a924a9f9b3a5d9,downloaded
3188,2018-10-05,2018.10.5 대전광역시 동구 법정동 관할구역 변경안내,https://www.code.go.kr/bbsmng/filedownload.do?btype=dataBbs&sn=3188&type=application/octet-stream,a43dc05e69cee9a1e5783748b92bae3623acb745aa754dd07ca1bc98219b3760,downloaded
3186,2018-06-22,2018.7.1 인천광역시 미추홀구 법정동 및 행정동코드 신설 안내,https://www.code.go.kr/bbsmng/filedownload.do?btype=dataBbs&sn=3186&type=application/octet-stream,f356168ab7e6d4403b9ba95315afd820dbb16252b4442449653c3e86418c5efa,downloaded
3185,2018-06-12,"2018.7.1 인천광역시 서구, 경기도 고양시 덕양구 행정동코드 및 법정동코드 변경 안내",https://www.code.go.kr/bbsmng/filedownload.do?btype=dataBbs&sn=3185&type=application/octet-stream,a561ac7e02e4cddf63e3180e4811678dc8d72bd7beeb549d4493b2d125015a7e,downloaded
3184,2018-06-12,2018.7.1 전라북도 전주시 법정동코드 변경 안내,https://www.code.go.kr/bbsmng/filedownload.do?btype=dataBbs&sn=3184&type=application/octet-stream,0055ae66c0230b3a94e705820b4e76be34df69c210bede59dc3a4f4d6311a55f,downloaded
3183,2018-03-26,2018.4.1 울산광역시 울주군 법정동코드 변경 안내,https://www.code.go.kr/bbsmng/filedownload.do?btype=dataBbs&sn=3183&type=application/octet-stream,,empty_response
3182,2018-02-26,2018.3.1 충청북도 단양군 법정동코드 변경 안내,https://www.code.go.kr/bbsmng/filedownload.do?btype=dataBbs&sn=3182&type=application/octet-stream,c135c43d4e2eb315d3258b16a69e6131d6f7826a29d1bfadebfaddaa95c7ce0f,downloaded
3181,2018-02-20,2018.3.1 대구광역시 달성군 법정동코드 변경 안내,https://www.code.go.kr/bbsmng/filedownload.do?btype=dataBbs&sn=3181&type=application/octet-stream,a88e2a53cfba6ada8c5b04cbdb612d6e66862b9a26903818064bbcf5f59bf854,downloaded
3180,2018-01-12,2018.1.22 경기도 화성시 행정동 및 법정동 변경 안내,https://www.code.go.kr/bbsmng/filedownload.do?btype=dataBbs&sn=3180&type=application/octet-stream,606eb0b36d60aac94b6c1a51ab0003fac6bfbec365be4b1e6da01c6a15fca16f,downloaded
3177,2017-11-24,2017.12.11 경기도 용인시 처인구 법정동코드 변경 안내,https://www.code.go.kr/bbsmng/filedownload.do?btype=dataBbs&sn=3177&type=application/octet-stream,b010a006f755cbf163ad35e135d912b986b8a05e8d7f8bc7344daf5c6c9d697c,downloaded
3176,2017-11-14,2017.12.18 경기도 남양주시 법정동코드 변경 안내,https://www.code.go.kr/bbsmng/filedownload.do?btype=dataBbs&sn=3176&type=application/octet-stream,47a1161e05112cb9ec5a2945a651f301c26ce3950e5c0ded3ddf257b113e0b8e,downloaded
3175,2017-07-31,2017.8.1 충청남도 홍성군 법정동코드 변경 안내,https://www.code.go.kr/bbsmng/filedownload.do?btype=dataBbs&sn=3175&type=application/octet-stream,da4b3c3f7494757189fa8ddee0649d5f31598c0015e1f99aeba9d30c93b1ded7,downloaded
3172,2017-06-21,2017.7.1 강원도 인제군 법정동코드 변경 안내,https://www.code.go.kr/bbsmng/filedownload.do?btype=dataBbs&sn=3172&type=application/octet-stream,1380179d3911a63abeed211b2e3f62335edecd6034bc8b4fd994e2701abe4de9,downloaded
3171,2017-03-03,2017.3.3 경상북도 안동시 법정동코드 변경 안내,https://www.code.go.kr/bbsmng/filedownload.do?btype=dataBbs&sn=3171&type=application/octet-stream,44ef121b7061294e943d85fd7332d74c7d6232d28488554f9499dceb5235aafd,downloaded
3166,2016-11-16,2016.11.15 강원도 영월군 법정동코드 변경 안내,https://www.code.go.kr/bbsmng/filedownload.do?btype=dataBbs&sn=3166&type=application/octet-stream,f4d1b511abfb7e2eda7e5dd0eed380b0a12d7c83eefa0c83a7e76a6571b8b17c,downloaded
3164,2016-08-10,2016.8.10 광주광역시 서구 법정동코드 변경 안내,https://www.code.go.kr/bbsmng/filedownload.do?btype=dataBbs&sn=3164&type=application/octet-stream,4676e1537e49eb9a5c9cd1fbbf878887fd492f9b6a213b7765882af7829a2206,downloaded
3163,2016-08-10,2016.7.26 경기도 가평군 법정동코드 변경 안내,https://www.code.go.kr/bbsmng/filedownload.do?btype=dataBbs&sn=3163&type=application/octet-stream,5d08ff98571a14ee99a11331507cd657e36885e0be46fb3508a92ec4ded064b7,downloaded
3162,2016-07-07,2016.7.29 경기도 평택시 법정동코드 변경 안내,https://www.code.go.kr/bbsmng/filedownload.do?btype=dataBbs&sn=3162&type=application/octet-stream,6998589e3896d817374024a814db6611326b0da41dbff69fd154781ba76697d4,downloaded
3159,2016-03-03,2016.7.4 경기도 부천시 법정동코드 변경 안내,https://www.code.go.kr/bbsmng/filedownload.do?btype=dataBbs&sn=3159&type=application/octet-stream,1661775e87ce3c6f22b26c790bebcf665e8b18f5876b42da7daf2bcd1f0de047,downloaded
3158,2016-01-08,2016.2.1 경상북도 예천군 법정동코드 변경 안내,https://www.code.go.kr/bbsmng/filedownload.do?btype=dataBbs&sn=3158&type=application/octet-stream,7bb5305866d06917234035ced1379737f0f44b225abb49cdc942ef26688a221d,downloaded
3156,2015-12-16,"2015.12.16 경기도 가평군 외 2개 지역 법정동,행정동코드 변경안내",https://www.code.go.kr/bbsmng/filedownload.do?btype=dataBbs&sn=3156&type=application/octet-stream,6d90bb69728fc2207dd4d4badfb8bda3ba9edc9e1c42ac5d313e15d063c1974e,downloaded
3153,2015-10-14,2015.10.16 경기도 광주시 법정동코드 변경 안내,https://www.code.go.kr/bbsmng/filedownload.do?btype=dataBbs&sn=3153&type=application/octet-stream,7dbef143d06fcebb5d93396940606a2c1c19fe29d9ff94aae634ebf3d305b9c0,downloaded
3152,2015-09-18,2015.9.23 부산광역시 기장군 법정동코드 변경 안내,https://www.code.go.kr/bbsmng/filedownload.do?btype=dataBbs&sn=3152&type=application/octet-stream,6aa4c447a261ce9882eea64ff7bfa3ec31721a8cf34de1c99211f839ee589f36,downloaded
3151,2015-09-11,2015.10.1 전라북도 완주군 법정동코드 변경 안내,https://www.code.go.kr/bbsmng/filedownload.do?btype=dataBbs&sn=3151&type=application/octet-stream,331e6dce95ac61c02fea44288bf2a58ac31742a444c2afff8fdf62177c7f2767,downloaded
3146,2015-04-13,2015.4.21 경상남도 울진군 법정동코드 변경 안내,https://www.code.go.kr/bbsmng/filedownload.do?btype=dataBbs&sn=3146&type=application/octet-stream,160f183f568ca050f4c01bb5334b0b1201f7a7f05eb06f3138d80024006aece1,downloaded
3145,2015-03-27,2015.4.2 경상북도 고령군 법정동코드 변경 안내,https://www.code.go.kr/bbsmng/filedownload.do?btype=dataBbs&sn=3145&type=application/octet-stream,f326b693715fe0b2285f9344438e5a51bae6dc3b24c5f82b39ae17031eab4bd1,downloaded
3139,2015-02-11,2015.1.2 경기도 화성시 법정동코드 변경 안내,https://www.code.go.kr/bbsmng/filedownload.do?btype=dataBbs&sn=3139&type=application/octet-stream,69ef2dd02447e082e205ada8263e7430231ed532ded1b3fe1c47d8d46fadf16f,downloaded
3137,2015-02-11,2015.1.1 경상남도 함안군 법정동코드 변경 안내,https://www.code.go.kr/bbsmng/filedownload.do?btype=dataBbs&sn=3137&type=application/octet-stream,08d0774a3fcdb08fa745b143a777abe384cd323feafca211af974a14b3dd1096,downloaded
3136,2015-02-11,2014.12.9 경상남도 합천군 법정동코드 변경 안내,https://www.code.go.kr/bbsmng/filedownload.do?btype=dataBbs&sn=3136&type=application/octet-stream,03f9becb55b183613cb968e09919ed8f566496415021a1563310b9df79acc8fd,downloaded
3135,2015-02-11,2014.10.30 서울특별시 동대문구 법정동코드 변경 안내,https://www.code.go.kr/bbsmng/filedownload.do?btype=dataBbs&sn=3135&type=application/octet-stream,9f62320bc48c0bcecc726df28a68978e3c60b457842b38973ae93c120bbe3fea,downloaded
3134,2014-10-17,2014.10.20 경기도 화성시 법정동코드 변경 안내,https://www.code.go.kr/bbsmng/filedownload.do?btype=dataBbs&sn=3134&type=application/octet-stream,b0440a866745e111dbb7240f9e0fe10b4533bafce554d658ce8a86706c4831a0,downloaded
3133,2014-10-17,2014.10.10 충청북도 음성군 법정동 신설 안내,https://www.code.go.kr/bbsmng/filedownload.do?btype=dataBbs&sn=3133&type=application/octet-stream,40b4d7cd40613428950d6a400ea5fdb2f22aa7b5c035b75bfdc29173111db037,downloaded
3132,2014-05-30,충청북도 통합 청주시 관련 법정동 변경 안내,https://www.code.go.kr/bbsmng/filedownload.do?btype=dataBbs&sn=3132&type=application/octet-stream,f406f4b10a3192c1e9677ae119f79dd269f877fb001f95bacfc9fdee00e36cb9,downloaded
3128,2014-01-22,2014.1.22 충청북도 충주시관련 법정동 변경 안내,https://www.code.go.kr/bbsmng/filedownload.do?btype=dataBbs&sn=3128&type=application/octet-stream,a5ffc6bd9523d45fec9ae0f663f6ee3338c7e9c341a7b3f8e4951962fb4d5d6c,downloaded
