event,effective_date,old_region_code,old_region_name,old_region_closed,new_region_codes,new_region_names,relation,handling
2014_cheongju,20140701,4371000000,충청북도 청원군,20140701,4311000000,충청북도 청주시,merge_parent,청주시 전체 합계에 포함하되 하위 분류는 (구)청원군으로 보존; 새 구에 임의 분배하지 않음
2018_michuhol,20180701,2817000000,인천광역시 남구,20180701,2817700000,인천광역시 미추홀구,rename,현행 미추홀구로 집계
2023_gangwon,20230611,4200000000,강원도,20230612,5100000000,강원특별자치도,rename,현행 강원특별자치도로 집계
2023_gangwon,20230611,4211000000,강원도 춘천시,20230612,5111000000,강원특별자치도 춘천시,rename,현행 강원특별자치도로 집계
2023_gangwon,20230611,4213000000,강원도 원주시,20230612,5113000000,강원특별자치도 원주시,rename,현행 강원특별자치도로 집계
2023_gangwon,20230611,4215000000,강원도 강릉시,20230612,5115000000,강원특별자치도 강릉시,rename,현행 강원특별자치도로 집계
2023_gangwon,20230611,4217000000,강원도 동해시,20230612,5117000000,강원특별자치도 동해시,rename,현행 강원특별자치도로 집계
2023_gangwon,20230611,4219000000,강원도 태백시,20230612,5119000000,강원특별자치도 태백시,rename,현행 강원특별자치도로 집계
2023_gangwon,20230611,4221000000,강원도 속초시,20230612,5121000000,강원특별자치도 속초시,rename,현행 강원특별자치도로 집계
2023_gangwon,20230611,4223000000,강원도 삼척시,20230612,5123000000,강원특별자치도 삼척시,rename,현행 강원특별자치도로 집계
2023_gangwon,20230611,4272000000,강원도 홍천군,20230612,5172000000,강원특별자치도 홍천군,rename,현행 강원특별자치도로 집계
2023_gangwon,20230611,4273000000,강원도 횡성군,20230612,5173000000,강원특별자치도 횡성군,rename,현행 강원특별자치도로 집계
2023_gangwon,20230611,4275000000,강원도 영월군,20230612,5175000000,강원특별자치도 영월군,rename,현행 강원특별자치도로 집계
2023_gangwon,20230611,4276000000,강원도 평창군,20230612,5176000000,강원특별자치도 평창군,rename,현행 강원특별자치도로 집계
2023_gangwon,20230611,4277000000,강원도 정선군,20230612,5177000000,강원특별자치도 정선군,rename,현행 강원특별자치도로 집계
2023_gangwon,20230611,4278000000,강원도 철원군,20230612,5178000000,강원특별자치도 철원군,rename,현행 강원특별자치도로 집계
2023_gangwon,20230611,4279000000,강원도 화천군,20230612,5179000000,강원특별자치도 화천군,rename,현행 강원특별자치도로 집계
2023_gangwon,20230611,4280000000,강원도 양구군,20230612,5180000000,강원특별자치도 양구군,rename,현행 강원특별자치도로 집계
2023_gangwon,20230611,4281000000,강원도 인제군,20230612,5181000000,강원특별자치도 인제군,rename,현행 강원특별자치도로 집계
2023_gangwon,20230611,4282000000,강원도 고성군,20230612,5182000000,강원특별자치도 고성군,rename,현행 강원특별자치도로 집계
2023_gangwon,20230611,4283000000,강원도 양양군,20230612,5183000000,강원특별자치도 양양군,rename,현행 강원특별자치도로 집계
2023_gunwi,20230701,4772000000,경상북도 군위군,20230630,2772000000,대구광역시 군위군,transfer,현행 대구광역시 군위군으로 집계
2016_2024_bucheon,20240101,4119500000,경기도 부천시 원미구,20160701,4119200000,경기도 부천시 원미구,reestablished,지역은 재설치 구에 연결; 구 부재 기간은 부천시 합계; 옛 구청 기관은 연속성 확인 전 (구) 별도
2016_2024_bucheon,20240101,4119700000,경기도 부천시 소사구,20160701,4119400000,경기도 부천시 소사구,reestablished,지역은 재설치 구에 연결; 구 부재 기간은 부천시 합계; 옛 구청 기관은 연속성 확인 전 (구) 별도
2016_2024_bucheon,20240101,4119900000,경기도 부천시 오정구,20160701,4119600000,경기도 부천시 오정구,reestablished,지역은 재설치 구에 연결; 구 부재 기간은 부천시 합계; 옛 구청 기관은 연속성 확인 전 (구) 별도
2024_jeonbuk,20240118,4500000000,전라북도,20240118,5200000000,전북특별자치도,rename,현행 전북특별자치도로 집계
2024_jeonbuk,20240118,4511000000,전라북도 전주시,20240118,5211000000,전북특별자치도 전주시,rename,현행 전북특별자치도로 집계
2024_jeonbuk,20240118,4511100000,전라북도 전주시 완산구,20240118,5211100000,전북특별자치도 전주시 완산구,rename,현행 전북특별자치도로 집계
2024_jeonbuk,20240118,4511300000,전라북도 전주시 덕진구,20240118,5211300000,전북특별자치도 전주시 덕진구,rename,현행 전북특별자치도로 집계
2024_jeonbuk,20240118,4513000000,전라북도 군산시,20240118,5213000000,전북특별자치도 군산시,rename,현행 전북특별자치도로 집계
2024_jeonbuk,20240118,4514000000,전라북도 익산시,20240118,5214000000,전북특별자치도 익산시,rename,현행 전북특별자치도로 집계
2024_jeonbuk,20240118,4518000000,전라북도 정읍시,20240118,5218000000,전북특별자치도 정읍시,rename,현행 전북특별자치도로 집계
2024_jeonbuk,20240118,4519000000,전라북도 남원시,20240118,5219000000,전북특별자치도 남원시,rename,현행 전북특별자치도로 집계
2024_jeonbuk,20240118,4521000000,전라북도 김제시,20240118,5221000000,전북특별자치도 김제시,rename,현행 전북특별자치도로 집계
2024_jeonbuk,20240118,4571000000,전라북도 완주군,20240118,5271000000,전북특별자치도 완주군,rename,현행 전북특별자치도로 집계
2024_jeonbuk,20240118,4572000000,전라북도 진안군,20240118,5272000000,전북특별자치도 진안군,rename,현행 전북특별자치도로 집계
2024_jeonbuk,20240118,4573000000,전라북도 무주군,20240118,5273000000,전북특별자치도 무주군,rename,현행 전북특별자치도로 집계
2024_jeonbuk,20240118,4574000000,전라북도 장수군,20240118,5274000000,전북특별자치도 장수군,rename,현행 전북특별자치도로 집계
2024_jeonbuk,20240118,4575000000,전라북도 임실군,20240118,5275000000,전북특별자치도 임실군,rename,현행 전북특별자치도로 집계
2024_jeonbuk,20240118,4577000000,전라북도 순창군,20240118,5277000000,전북특별자치도 순창군,rename,현행 전북특별자치도로 집계
2024_jeonbuk,20240118,4579000000,전라북도 고창군,20240118,5279000000,전북특별자치도 고창군,rename,현행 전북특별자치도로 집계
2024_jeonbuk,20240118,4580000000,전라북도 부안군,20240118,5280000000,전북특별자치도 부안군,rename,현행 전북특별자치도로 집계
2026_incheon,20260701,2811000000,인천광역시 중구,20260701,2812500000;2815500000,인천광역시 제물포구;인천광역시 영종구,split,(구)인천광역시 중구로 보존; 새 구에 임의 분배하지 않음
2026_incheon,20260701,2814000000,인천광역시 동구,20260701,2812500000,인천광역시 제물포구,merge,현행 제물포구 지역 합계에 포함
2026_incheon,20260701,2826000000,인천광역시 서구,20260701,2827500000;2829000000,인천광역시 서해구;인천광역시 검단구,split,(구)인천광역시 서구로 보존; 새 구에 임의 분배하지 않음
2026_gwangju_jeonnam,20260701,2900000000,광주광역시,20260701,1200000000,전남광주통합특별시,merge,현행 전남광주통합특별시 합계에 포함
2026_gwangju_jeonnam,20260701,2911000000,광주광역시 동구,20260701,1221000000,전남광주통합특별시 동구,rename_under_merge,현행 동일 시군구로 집계
2026_gwangju_jeonnam,20260701,2914000000,광주광역시 서구,20260701,1224000000,전남광주통합특별시 서구,rename_under_merge,현행 동일 시군구로 집계
2026_gwangju_jeonnam,20260701,2915500000,광주광역시 남구,20260701,1227000000,전남광주통합특별시 남구,rename_under_merge,현행 동일 시군구로 집계
2026_gwangju_jeonnam,20260701,2917000000,광주광역시 북구,20260701,1230000000,전남광주통합특별시 북구,rename_under_merge,현행 동일 시군구로 집계
2026_gwangju_jeonnam,20260701,2920000000,광주광역시 광산구,20260701,1233000000,전남광주통합특별시 광산구,rename_under_merge,현행 동일 시군구로 집계
2026_gwangju_jeonnam,20260701,4600000000,전라남도,20260701,1200000000,전남광주통합특별시,merge,현행 전남광주통합특별시 합계에 포함
2026_gwangju_jeonnam,20260701,4611000000,전라남도 목포시,20260701,1211000000,전남광주통합특별시 목포시,rename_under_merge,현행 동일 시군구로 집계
2026_gwangju_jeonnam,20260701,4613000000,전라남도 여수시,20260701,1213000000,전남광주통합특별시 여수시,rename_under_merge,현행 동일 시군구로 집계
2026_gwangju_jeonnam,20260701,4615000000,전라남도 순천시,20260701,1215000000,전남광주통합특별시 순천시,rename_under_merge,현행 동일 시군구로 집계
2026_gwangju_jeonnam,20260701,4617000000,전라남도 나주시,20260701,1217000000,전남광주통합특별시 나주시,rename_under_merge,현행 동일 시군구로 집계
2026_gwangju_jeonnam,20260701,4623000000,전라남도 광양시,20260701,1219000000,전남광주통합특별시 광양시,rename_under_merge,현행 동일 시군구로 집계
2026_gwangju_jeonnam,20260701,4671000000,전라남도 담양군,20260701,1271000000,전남광주통합특별시 담양군,rename_under_merge,현행 동일 시군구로 집계
2026_gwangju_jeonnam,20260701,4672000000,전라남도 곡성군,20260701,1272000000,전남광주통합특별시 곡성군,rename_under_merge,현행 동일 시군구로 집계
2026_gwangju_jeonnam,20260701,4673000000,전라남도 구례군,20260701,1273000000,전남광주통합특별시 구례군,rename_under_merge,현행 동일 시군구로 집계
2026_gwangju_jeonnam,20260701,4677000000,전라남도 고흥군,20260701,1274000000,전남광주통합특별시 고흥군,rename_under_merge,현행 동일 시군구로 집계
2026_gwangju_jeonnam,20260701,4678000000,전라남도 보성군,20260701,1275000000,전남광주통합특별시 보성군,rename_under_merge,현행 동일 시군구로 집계
2026_gwangju_jeonnam,20260701,4679000000,전라남도 화순군,20260701,1276000000,전남광주통합특별시 화순군,rename_under_merge,현행 동일 시군구로 집계
2026_gwangju_jeonnam,20260701,4680000000,전라남도 장흥군,20260701,1277000000,전남광주통합특별시 장흥군,rename_under_merge,현행 동일 시군구로 집계
2026_gwangju_jeonnam,20260701,4681000000,전라남도 강진군,20260701,1278000000,전남광주통합특별시 강진군,rename_under_merge,현행 동일 시군구로 집계
2026_gwangju_jeonnam,20260701,4682000000,전라남도 해남군,20260701,1279000000,전남광주통합특별시 해남군,rename_under_merge,현행 동일 시군구로 집계
2026_gwangju_jeonnam,20260701,4683000000,전라남도 영암군,20260701,1280000000,전남광주통합특별시 영암군,rename_under_merge,현행 동일 시군구로 집계
2026_gwangju_jeonnam,20260701,4684000000,전라남도 무안군,20260701,1281000000,전남광주통합특별시 무안군,rename_under_merge,현행 동일 시군구로 집계
2026_gwangju_jeonnam,20260701,4686000000,전라남도 함평군,20260701,1282000000,전남광주통합특별시 함평군,rename_under_merge,현행 동일 시군구로 집계
2026_gwangju_jeonnam,20260701,4687000000,전라남도 영광군,20260701,1283000000,전남광주통합특별시 영광군,rename_under_merge,현행 동일 시군구로 집계
2026_gwangju_jeonnam,20260701,4688000000,전라남도 장성군,20260701,1284000000,전남광주통합특별시 장성군,rename_under_merge,현행 동일 시군구로 집계
2026_gwangju_jeonnam,20260701,4689000000,전라남도 완도군,20260701,1285000000,전남광주통합특별시 완도군,rename_under_merge,현행 동일 시군구로 집계
2026_gwangju_jeonnam,20260701,4690000000,전라남도 진도군,20260701,1286000000,전남광주통합특별시 진도군,rename_under_merge,현행 동일 시군구로 집계
2026_gwangju_jeonnam,20260701,4691000000,전라남도 신안군,20260701,1287000000,전남광주통합특별시 신안군,rename_under_merge,현행 동일 시군구로 집계
