feature_id,screen,subtab,mode,displayed_fields,action,code_path,symbol,classification,approval_basis,test_ids,status,notes
NAV-01,MainNavigation,,both,(D-06) 5 destinations 대시보드/신고내역/신고관리/통계/알림 — 이전 7개,tap destination -> setState index + _refreshOnTab(index),lib/main.dart:1007,NavigationBar.onDestinationSelected,existing,code,,code-verified,파일·동기화/크롤링은 AppRoutes 로 이동(lib/navigation/app_routes.dart). IndexedStack 5개
NAV-02,MainNavigation,,both,"(D-06) 하단 7번째 탭 삭제 → 대시보드 앱바 SyncActionButton(진행 중 회전) + SyncStatusCard, 라벨 동기화/크롤링 모드별",none (display),lib/widgets/sync_status_card.dart,SyncActionButton/SyncStatusCard,approved-enhancement,D-06 사용자 결정 2026-09-24,,implemented,rotation controller main.dart:982
NAV-03,MainNavigation,,both,Badge with unread count on 알림 icon (NotificationHistoryProvider.unreadCount),none (display),lib/main.dart:1034,Badge isLabelVisible unread>0,existing,code,,code-verified,
NAV-04,MainNavigation,,both,n/a,_refreshOnTab: 0 fetchSummary; 1 fetch traffic/parking/other/duplicate/watchlist; 2 fetchWatchlistNumbers; 3 bumpStatsRefresh; 4 history.load; 5 bumpFilesRefresh; 6 none,lib/main.dart:366,_refreshOnTab,existing,code,,code-verified,_refreshOnTab 0~4 만(파일 탭 bumpFilesRefresh 제거 — 파일 화면은 열 때 로드)
NAV-05,MainNavigation,,both,n/a,_checkPendingChanges on init/resume/pendingChangesNonce -> PendingChangesStore.readAndClear -> drop read -> addFromServerResults -> go tab 4 subtab 1 -> _showChangesBottomSheet,lib/main.dart:465,_checkPendingChanges,existing,code,test/services/pending_changes_store_test.dart,code-verified,SharedPreferences key pending_crawl_changes; standalone triggers via pendingChangesNonce main.dart:989
NAV-06,MainNavigation (changes sheet),,both,header '변경 결과 N건'; badges 신규/처리변경/개별 확인/중복 변경; report card: type badge/신고명/status chip/fine chip/신고번호/처리기관/범칙금_과태료,draggable sheet (0.35-0.92),lib/main.dart:492,_showChangesBottomSheet,existing,code,,code-verified,status=serverStatusColor fine=serverFineColor (main.dart:744/751)
NAV-07,MainNavigation (changes sheet),,both,report card,tap -> pop + showReportDetailSheet(Report.fromJson),lib/main.dart:756,InkWell.onTap,existing,code,,code-verified,
NAV-08,MainNavigation (changes sheet),,both,duplicate card: 중복 변경 badge/title/status_label/body/대표 신고번호/멤버 수,tap -> pop + showDuplicateGroupDetailSheet,lib/main.dart:597,InkWell.onTap,existing,code,,code-verified,
NAV-09,MainNavigation,,both,n/a,native navigateToTab(tab default 4; sub_tab -> setPreferredTabIndex; payload_json -> open detail; event_type),lib/main.dart:316,_handleNativeCall,existing,code,,code-verified,"tab 5 → AppRoutes.openFiles, tab 6 → AppRoutes.openCrawl (Kotlin nav_tab=6 그대로), 0~4 는 탭 전환"
NAV-10,MainNavigation,,both,n/a,event_type quick_sync/quick_crawl -> CrawlScreenState.handleQuickAction (5 retries x200ms); standalone_sync -> checkAutoSyncOnResume,lib/main.dart:345,_handleNavigationEvent,existing,code,,code-verified,quick_sync/quick_crawl → AppRoutes.runQuickAction: 동기화/크롤링 화면을 연 뒤 GlobalKey 로 handleQuickAction 전달(로딩 중이면 CrawlScreen 이 대기열 처리)
NAV-11,MainNavigation,,both,n/a,payload detail: markPayloadRead; notification_kind=duplicate -> duplicate sheet else report sheet,lib/main.dart:451,_openNotificationPayloadDetail,existing,code,,code-verified,
NAV-12,MainNavigation,,both,SnackBar title(bold)+body 4s,resume -> ForegroundEventStore.readAndClear; skip if already read; action '상세 보기'(payload) or '알림 보기' -> tab 4 (+ detail),lib/main.dart:400,_checkForegroundEvent,existing,code,test/services/pending_changes_store_test.dart,code-verified,
NAV-13,MainNavigation,,standalone,n/a,app resume -> ReportProvider.checkAutoSyncOnResume (no-op for client; demo -> refreshAll only),lib/main.dart:311,didChangeAppLifecycleState,existing,code,,code-verified,provider lib/providers/report_provider.dart:758
NAV-14,MainNavigation,,both,n/a,mode/configured/demo signature change -> invokeMethod refreshQuickActions (Android launcher shortcuts),lib/main.dart:1062,_refreshNativeQuickActionsIfNeeded,existing,code,,code-verified,
THEME-01,App,,both,"(2026-09-24 변경) 두 모드 공통 primary: light #0B5ED7 / dark #60A5FA. 이전: client #1A73E8, standalone #1B873B",none,lib/theme/app_theme.dart,AppTheme.build,existing,code,,code-verified,D-03: 모드 구분은 MODE-01 ModeBadge 로 이관. 테마 저장/복원(THEME-02) 무변경
THEME-02,App,,both,themeMode from provider.themeMode (system/light/dark); 토큰 lib/theme/sr_colors.dart (light / dark slate #0B1220),none,lib/main.dart:79,MaterialApp.themeMode,existing,code,,code-verified,D-01 슬레이트. enum lib/models/app_theme_mode.dart 무변경
THEME-03,App,,both,spinner / SetupScreen / MainNavigationScreen,routing gate on isInitialized/isConfigured,lib/main.dart:80,home Builder,existing,code,,code-verified,
DASH-01,Dashboard,,both,AppBar '대시보드',settings icon -> push SettingsScreen,lib/screens/dashboard_screen.dart:45,IconButton,existing,code,,code-verified,
DASH-02,Dashboard,,both,n/a,pull-to-refresh -> refreshSummaryAndRecentAnswers; init fetchSummary + ensureCategoryReportsLoaded,lib/screens/dashboard_screen.dart:56,RefreshIndicator,existing,code,,code-verified,init at :28
DASH-03,Dashboard,,both,error: standalone storage icon '데이터를 불러올 수 없습니다' vs client cloud_off '서버에 연결할 수 없습니다'; error text box,'다시 시도' -> fetchSummary; '설정 확인' -> SettingsScreen,lib/screens/dashboard_screen.dart:67,_buildErrorState,existing,code,,code-verified,mode-specific copy
DASH-04,Dashboard,,both,7 stat cards 전체/보완 요청/처리 중/수용/일부수용/불수용·기타/취하 with count + chevron,tap (count>0) -> FilteredListScreen(category all; status predicate),lib/screens/dashboard_screen.dart:181,_buildSummaryGrid/_buildStatCard,existing,code,,code-verified,StatusTone 틴트 카드(글자 AA). 카드 7개·탭 동작 동일
DASH-05,Dashboard,,both,보완 요청 card: stats.supplementCount in serverSupplementColor,tap -> FilteredListScreen filter status=='보완요청',lib/screens/dashboard_screen.dart:197,_buildStatCard,existing,code,,code-verified,
DASH-06,Dashboard,,both,'교통위반 처리 현황' 과태료/경고·범칙금/불수용/미확인 (only if trafficTotal>0),tap mini stat -> FilteredListScreen(category traffic),lib/screens/dashboard_screen.dart:323,_buildTrafficCard/_miniStat,existing,code,,code-verified,'미확인' 정의가 통계표와 다름 (statistics-spec S-04)
DASH-07,Dashboard,,both,'처리 현황' donut (fl_chart PieChart) 수용/일부수용/불수용/보완요청/처리중/취하 % + legend + '총 N건',none (no tap),lib/screens/dashboard_screen.dart:430,_buildChartCard,existing,code,,code-verified,"조각 안 흰 % 제거(대비 미달) → 범례에 건수+비율, 도넛 중앙에 총 N건"
DASH-08,Dashboard,,both,'감시 목록' up to 5 items / empty state,'관리' and '+N건 더 보기' -> ReportManagementScreen(initialTabIndex 1),lib/screens/dashboard_screen.dart:538,_buildWatchlistSection,existing,code,,code-verified,
DASH-09,Dashboard,,both,watch item: bookmark/name/status chip/신고번호/신고일/답변일/처리기관/담당자/과태료·범칙금/차량번호,tap -> showReportDetailSheet,lib/screens/dashboard_screen.dart:613,_buildWatchItem,existing,code,,code-verified,
DASH-10,Dashboard,,both,'최근 답변 완료 (3일)' 5 preview cards (same fields),'모두 보기' / '+N건 더 보기' -> RecentAnswersScreen; card tap -> detail sheet,lib/screens/dashboard_screen.dart:667,_buildRecentSection/_buildRecentCard,existing,code,,code-verified,
DASH-11,Dashboard,,both,embedded SunwiSection,see SUNWI rows,lib/screens/dashboard_screen.dart:174,SunwiSection(embedded:true),existing,code,,code-verified,
SUNWI-01,Dashboard (SunwiSection),,both,header '신고현황',refresh icon -> _load(force:true),lib/screens/sunwi_screen.dart:292,IconButton,existing,code,,code-verified,
SUNWI-02,Dashboard (SunwiSection),,both,'전국 안전신문고 통계' chips 전일기준/updatedAt/실패 지역/periodLabel; status msg; payload.error,none,lib/screens/sunwi_screen.dart:370,_buildInfoCard,existing,code,,code-verified,전국 수치: 내 신고 통계와 섞지 않음
SUNWI-03,Dashboard (SunwiSection),,both,대분류/소분류 navigators; fullName; rank rows (N위 badge/region/count건),prev/next chevrons; auto-advance every 5s,lib/screens/sunwi_screen.dart:444,_buildCategoryCard/_buildNavigator/_buildRankItem,existing,code,,code-verified,
SUNWI-04,Dashboard (SunwiSection),,both,n/a,data via SunwiRepository.fromProvider (standalone vs server); 3h cache per AppMode; reload on sunwiRefreshNonce,lib/screens/sunwi_screen.dart:101,_load,existing,code,,code-verified,lib/services/repositories/sunwi_repository.dart:24
SUNWI-05,Dashboard (SunwiSection),,both,loading/empty/error card,'다시 시도' -> _load(force),lib/screens/sunwi_screen.dart:336,_buildEmptyOrErrorState,existing,code,,code-verified,
SUNWI-06,SunwiScreen,,both,AppBar '신고현황' + pull-to-refresh,none reachable,lib/screens/sunwi_screen.dart:11,SunwiScreen,existing,code,,code-verified,orphan wrapper: 인스턴스화하는 곳 없음 (grep 확인). 리뉴얼 대상에서 제외 가능
LIST-01,ReportList,,both,AppBar '신고 내역'; TabBar 교통위반/주정차/기타위반/중복차량,swipe/tap tabs,lib/screens/report_list_screen.dart:206,TabBar,existing,code,,code-verified,SrTabBar 로 교체(탭 수·순서·스와이프 동일)
LIST-02,ReportList,,both,count pill 'N건' or '검색 N건' when hasFilter,none,lib/screens/report_list_screen.dart:158,AppBar actions,existing,code,,code-verified,
LIST-03,ReportList,,both,filter_list icon with dot badge when hasFilter,tap -> SearchFilterSheet bottom sheet,lib/screens/report_list_screen.dart:189,_showSearchPopup,existing,code,,code-verified,no separate search icon and no sort control
LIST-04,ReportList,,both,settings icon,tap -> SettingsScreen,lib/screens/report_list_screen.dart:197,IconButton,existing,code,,code-verified,
LIST-05,ReportList,,both,active filter chips (provider.filter.activeLabels),none (display only; horizontal scroll),lib/screens/report_list_screen.dart:224,Chip row,existing,code,,code-verified,
LIST-06,ReportList,교통위반/주정차/기타위반,both,ReportListCard list,pull-to-refresh -> fetchTrafficReports/fetchParkingReports/fetchOtherReports,lib/screens/report_list_screen.dart:366,_buildTab,existing,code,,code-verified,
LIST-07,ReportList,all,both,empty '신고 내역이 없습니다'/'검색 결과가 없습니다'; error '데이터를 불러오지 못했습니다',error '다시 시도' -> onRefresh,lib/screens/report_list_screen.dart:304,_buildTab,existing,code,,code-verified,
LIST-08,ReportList,all,both,card,tap -> showReportDetailSheet; long-press -> start selection; tap in selection -> toggle,lib/screens/report_list_screen.dart:474,_buildReportCard,existing,code,,code-verified,
LIST-09,ReportList,all,both,selection AppBar close/'N개 선택됨'/'일괄 선택',일괄 선택 -> _selectAllCurrentTab (disabled on 중복차량 or all selected),lib/screens/report_list_screen.dart:132,_canSelectAllCurrentTab,existing,code,,code-verified,"2026-09-24 사용자 결정으로 변경: 선택 모드 뒤로가기 = 선택 취소(SelectionBackScope, 숨은 탭은 TickerMode 로 제외), X 버튼 tooltip '선택 취소'. 이전 동작은 앱 나감. test/widgets/selection_back_scope_test.dart"
LIST-10,ReportList,all,both,SelectionActionBar at bottom,see SEL rows,lib/screens/report_list_screen.dart:280,SelectionActionBar,existing,code,,code-verified,
LIST-11,ReportList,중복차량,both,card + suffix 'valid/total회' (excludeWithdraw & differ) else 'total회' + location,tap detail; long-press select; pull-to-refresh fetchDuplicateReports,lib/screens/report_list_screen.dart:417,_buildDuplicateCard,existing,code,,code-verified,선택 목록은 traffic/parking/other 필터 목록에서만 구성(:122-129) → 중복차량 탭 선택이 필터에 걸린 경우 누락 가능 (미검증 버그 후보)
LIST-12,ReportList,all,both,meta: 신고/답변/처리기관/담당자/과태료/위반장소/발생 date+time,none,lib/screens/report_list_screen.dart:497,_buildMetaItems,existing,code,,code-verified,
CARD-01,ReportListCard (widget),,both,selection radio; name; status chip; headerSuffix; #신고번호; '보완횟수:N회' badge; '보완 요청자'; meta rows; car number chip,onTap/onLongPress passthrough,lib/widgets/report_list_card.dart:38,ReportListCard.build,existing,code,test/widgets/report_list_card_test.dart; test/golden/renewal_golden_test.dart,code-verified,"2026-09-24 개편: 신고명 2줄, 상태 StatusBadge(AA 보정), 차량번호 칩 행 40% 상한+말줄임 → 360dp x1.0/1.3/2.0 overflow 0 (test/widgets/report_list_card_test.dart). 표시 필드·콜백 동일"
CARD-02,ReportListCard (widget),,both,selected: primary 2px border + primaryContainer 30%; else border grey.shade200,none,lib/widgets/report_list_card.dart:50,Card shape,existing,code,,code-verified,"선택 시 primary 2px 테두리 + brandSoft 배경, 평소 토큰 border"
FSHEET-01,SearchFilterSheet,,both,"'상세 검색' + guide '&' AND / ',' OR",'전체 초기화' -> provider.clearFilter,lib/widgets/search_filter_sheet.dart:288,_clear,existing,code,,code-verified,
FSHEET-02,SearchFilterSheet,,both,신고명/신고번호/별점(multi)/별점사유/만족도 조사 여부/차량번호/위반장소/위반법규(single)/신고내용,edit fields and dropdowns,lib/widgets/search_filter_sheet.dart:311,_input/_multiSelectDropdown/_singleSelectDropdown,existing,code,,code-verified,별점/별점사유/만족도 hidden in ratingManagementMode (:316)
FSHEET-03,SearchFilterSheet,,both,처리기관/담당자/과태료·범칙금/보완횟수/처리내용/처리상태(multi); toggles 경찰기관 제외 / 경찰기관만 (exclusive),edit + toggle chips,lib/widgets/search_filter_sheet.dart:361,_toggleChip,existing,code,,code-verified,
FSHEET-04,SearchFilterSheet,,both,date ranges 신고일/발생일/답변일; 발생시각 HH:MM ~ HH:MM,showDatePicker; submit on end-time field -> apply,lib/widgets/search_filter_sheet.dart:418,_dateRange,existing,code,,code-verified,
FSHEET-05,SearchFilterSheet,,both,'검색 적용' button,-> provider.setFilter(ReportFilter...) (rating fields cleared in ratingManagementMode),lib/widgets/search_filter_sheet.dart:500,_apply,existing,code,,code-verified,
SEL-01,SelectionActionBar (widget),,both,close / 'N개 선택됨' / busy spinner,close -> onCancel,lib/widgets/selection_action_bar.dart:286,build,existing,code,,code-verified,
SEL-02,SelectionActionBar (widget),,both,'번호 복사',copy report numbers (newline) to clipboard + snack,lib/widgets/selection_action_bar.dart:313,_copyNumbers,existing,code,,code-verified,
SEL-03,SelectionActionBar (widget),,client,'크롤링',-> provider.startCrawlQueue (api.startCrawl queueList),lib/widgets/selection_action_bar.dart:318,_crawl,existing,code,,code-verified,provider lib/providers/report_provider.dart:1121
SEL-04,SelectionActionBar (widget),,standalone,'동기화',-> StandalonePendingQueueStore.append + StandaloneAutoSyncService.drainIfPending -> refreshAll,lib/widgets/selection_action_bar.dart:327,_sync,existing,code,test/services/standalone_pending_queue_store_test.dart,code-verified,UI 에서 데모 모드 차단 여부 미검증
SEL-05,SelectionActionBar (widget),,both,'별점 주기' dialog with 1-5점 ChoiceChips + 진행 가능/자동 스킵 counts,confirm -> fire-and-forget submitRatings -> history.addRatingBatchResult (subtab 2) + native showNotification + SnackBar,lib/widgets/selection_action_bar.dart:112,_rate/_showRatingDialog,existing,code,test/services/rating_service_test.dart,code-verified,RatingService.submit branches on appMode + isStandaloneDemo (provider:1140). 테스트에서 실제 별점 API 호출 금지
SEL-06,SelectionActionBar (widget),,both,'감시 추가' (unless all watched) / '감시 해제' (unless none watched),-> provider.addToWatchlist / removeFromWatchlist,lib/widgets/selection_action_bar.dart:344,_watchlistAction,existing,code,,code-verified,standalone LocalDb vs client api.updateWatchlist (provider:1069)
SEARCH-01,SearchScreen,,both,'검색'; '초기화'; tune icon; FAB '검색'; '검색 결과: N건'; cards; selection bar,open SearchFilterSheet; clearFilter; tap/long-press cards,lib/screens/search_screen.dart:74,SearchScreen,existing,code,,code-verified,orphan: 진입 경로 없음 (grep 확인). 리뉴얼 대상 제외 가능
FILT-01,FilteredListScreen,,both,title + 'N건'; cards 신고/답변/처리기관/담당자/과태료,tap detail; long-press selection + SelectionActionBar,lib/screens/filtered_list_screen.dart:67,FilteredListScreen,existing,code,,code-verified,uses raw category lists + predicate and ignores the search filter
RECENT-01,RecentAnswersScreen,,both,'최근 답변 완료 (3일) (N)'; cards status/신고번호/신고일/답변일/처리기관/담당자/과태료/차량번호,init + pull-to-refresh refreshSummaryAndRecentAnswers; tap -> detail,lib/screens/recent_answers_screen.dart:28,RecentAnswersScreen/_RecentCard,existing,code,,code-verified,refresh only when list non-empty
MGMT-01,ReportManagement,,both,AppBar '신고관리'; tabs 별점/감시 목록/중복 신고/데이터 수정,tab switch; initialTabIndex clamp 0-3,lib/screens/report_management_screen.dart:40,TabBar,existing,code,test/report_navigation_regression_test.dart,code-verified,"SrTabBar(알약형, 테마 색) — 회귀 테스트는 고정 색 대신 실제 렌더 대비(AA)·선택 구분·탭 이동을 라이트/다크 검사"
RATE-01,ReportManagement,별점,both,'별점 가능 신고' + count + '참여 가능 상태의 신고건만 표시됩니다.',filter icon -> SearchFilterSheet(ratingManagementMode:true),lib/screens/rating_management_panel.dart:128,_showSearchPopup,existing,code,,code-verified,BUG :138 '검색 $reports.length건' 문자열 보간 오류 (확인됨)
RATE-02,ReportManagement,별점,both,cards with category chip 교통/주정차/기타 + meta incl pollStatus/location,tap detail; long-press select; '일괄 선택'; '선택 해제'; SelectionActionBar,lib/screens/rating_management_panel.dart:330,_buildReportCard,existing,code,test/services/rating_service_test.dart,code-verified,stale selections pruned :89; 선택 모드 뒤로가기 = 선택 취소(2026-09-24, SelectionBackScope)
RATE-03,ReportManagement,별점,both,empty/error states,pull-to-refresh / '다시 시도' -> ensureCategoryReportsLoaded(forceRefresh),lib/screens/rating_management_panel.dart:53,_refreshReports,existing,code,,code-verified,
WATCH-01,ReportManagement,감시 목록,both,'감시 목록 (N)' header,'전체 해제' -> confirm dialog -> removeFromWatchlist(all),lib/screens/watchlist_screen.dart:105,_removeAll,existing,code,,code-verified,
WATCH-02,ReportManagement,감시 목록,both,card bookmark/name/status/차량번호/신고번호/신고일/답변일/처리기관/과태료,tap detail; '감시 해제' -> confirm -> removeFromWatchlist,lib/screens/watchlist_screen.dart:244,_WatchCard/_remove,existing,code,,code-verified,loads via WatchlistRepository.fromProvider (mode branch)
WATCH-03,ReportManagement,감시 목록,both,loading/error/empty,pull-to-refresh _load; '다시 시도',lib/screens/watchlist_screen.dart:172,build,existing,code,,code-verified,
WATCH-04,WatchlistScreen,,both,AppBar '감시 목록' wrapper,none reachable,lib/screens/watchlist_screen.dart:9,WatchlistScreen,existing,code,,code-verified,orphan wrapper (grep 확인)
DUP-01,ReportManagement,중복 신고,both,status cards 전체/검토 필요/중복 확정/중복 아님 with counts,tap -> local status filter,lib/screens/duplicate_management_screen.dart:342,_StatusCard,existing,code,,code-verified,
DUP-02,ReportManagement,중복 신고,both,group card rep name/대표 신고번호 · statusWithFine/멤버 N건 · 모드/agency/status pill,tap -> _openEditor sheet,lib/screens/duplicate_management_screen.dart:455,_DuplicateGroupCard,existing,code,,code-verified,
DUP-03,ReportManagement,중복 신고,both,editor: 중복 상태 dropdown; 대표건 선정 자동/수동; 비고; 대표 후보 radios,'상세 보기' -> group sheet; open_in_new -> report sheet; '저장' -> repo.updateGroup + refreshAll + reload,lib/screens/duplicate_management_screen.dart:96,_openEditor/_saveGroup,existing,code,,code-verified,DuplicateRepository.fromProvider mode branch
DUP-04,ReportManagement,중복 신고,both,info msg (client empty / ApiFeatureUnavailable) or error,pull-to-refresh; '다시 시도',lib/screens/duplicate_management_screen.dart:45,_load,existing,code,,code-verified,구서버 404 안내 유지
EDIT-01,ReportManagement,데이터 수정,both,'데이터 수정' header; filter icon; active label chips; ChoiceChips 교통위반/주정차/기타위반; list sorted 신고번호 desc,filter -> SearchFilterSheet; chip -> category,lib/screens/data_editor_screen.dart:139,DataEditorPanel,existing,code,,code-verified,
EDIT-02,ReportManagement,데이터 수정,both,card name/status pill/category/신고번호/ID/신고일/차량번호/처리기관/담당자,tap (id non-empty) -> _EditableRecordSheet,lib/screens/data_editor_screen.dart:242,_EditableReportCard,existing,code,,code-verified,
EDIT-03,ReportManagement,데이터 수정,both,record sheet summary pills + schema.detailFields (처리상태/종결여부 dropdowns; 답변일/발생일자 date pickers; multiline 신고내용/처리내용/첨부),'저장' -> EditorRepository.saveRecord -> refreshAll + SnackBar,lib/screens/data_editor_screen.dart:474,_EditableRecordSheetState._save,existing,code,,code-verified,EditorRepository.fromProvider mode branch
EDIT-04,ReportManagement,데이터 수정,both,loading/error,pull-to-refresh / '다시 시도' -> _prepare(forceRefresh),lib/screens/data_editor_screen.dart:134,_prepare,existing,code,,code-verified,
STAT-01,Statistics,,both,AppBar '통계' + '지도' + settings,'지도' -> ReportMapScreen(initialYear _year; category all); settings -> SettingsScreen,lib/screens/statistics_screen.dart:229,AppBar actions,existing,code,,code-verified,
STAT-02,Statistics,,both,n/a,load: standalone LocalDbService.computeStats(year/law/filters) vs client ApiService.getStats(year/law); reload on statsRefreshNonce,lib/screens/statistics_screen.dart:54,_load,existing,code,,code-verified,client 요청에 dedupe 미전달은 문제 아님(S-07 해소). 연도 기준 컬럼 모드 차이는 S-08
STAT-03,Statistics,,both,year chips 전체 + availableYears (only if >1),tap -> reload,lib/screens/statistics_screen.dart:435,_NavBar year row,existing,code,,code-verified,
STAT-04,Statistics,,both,category 교통위반/주정차위반/기타위반,tap -> local switch,lib/screens/statistics_screen.dart:485,_NavBar cat row,existing,code,,code-verified,
STAT-05,Statistics,,both,type tabs 기관별/담당자별/경찰 기관/경찰 담당자/비경찰 기관/비경찰 담당자,tap -> local switch,lib/screens/statistics_screen.dart:523,_NavBar type row,existing,code,,code-verified,
STAT-06,Statistics,,both,FAB gavel (orange dot when law active),tap -> sheet '위반법규 필터' 전체/없음/laws -> reload,lib/screens/statistics_screen.dart:280,_showLawFilter,existing,code,,code-verified,
STAT-07,Statistics,,both,row: ★avg(count)/avg days/fine sum; rank circle; agency; person; '총 N건'(2026-09-24 이전 '총 처리 N건'); badges 과태료/경고·범칙금/불수용·기타/기타·미분류 % + 처리중(S-10; in_progress 있을 때만); stacked bar,none,lib/screens/statistics_screen.dart:656,_RowCard.build,existing,code,,code-verified,상세표로 보존 (statistics-spec §3.5)
STAT-08,Statistics,,both,row card,tap -> setFilter(agency/manager/law/year range) -> push ReportListScreen(tab by category),lib/screens/statistics_screen.dart:665,_RowCard onTap,existing,code,,code-verified,drilldown 보존 필수
STAT-09,Statistics,,both,empty/error,pull-to-refresh / '다시 시도',lib/screens/statistics_screen.dart:603,_StatsTable,existing,code,,code-verified,
MAP-01,ReportMap,,both,AppBar '신고 지도',list icon -> missing-address sheet; refresh -> _loadMap; settings -> Settings then reload,lib/screens/report_map_screen.dart:329,AppBar actions,existing,code,,code-verified,지도 기능 변경은 범위 밖 (테마만)
MAP-02,ReportMap,,both,'지도 필터' year dropdown + chips 전체/교통/주정차/기타,change -> _loadMap,lib/screens/report_map_screen.dart:385,_buildFilterBar/_categoryChip,existing,code,,code-verified,
MAP-03,ReportMap,,both,n/a,standalone LocalGeocodeService backfill (Kakao key) + computeReportMapStats vs client getReportMapStats/getReportMapProgress; 1s polling,lib/screens/report_map_screen.dart:98,_loadMap/_syncProgressPolling,existing,code,test/services/local_db_service_regression_test.dart,code-verified,
MAP-04,ReportMap,,both,progress card state/bar/진행률/성공·미발견·남은 대상/error,standalone + requiresConfiguration: '모바일 설정 열기' -> Settings,lib/screens/report_map_screen.dart:642,_buildProgressCard,existing,code,,code-verified,
MAP-05,ReportMap,,both,summary 전체/좌표화/미변환/처리기관 곳,none,lib/screens/report_map_screen.dart:786,_buildMetaSummary,existing,code,,code-verified,
MAP-06,ReportMap,,both,OSM FlutterMap + cluster markers (totals/region) + current location marker,pan/zoom (no rotate),lib/screens/report_map_screen.dart:892,_buildMap,existing,code,,code-verified,
MAP-07,ReportMap,,both,point sheet: title/total/행정구역/담당 기관/처리상태·처분·신고 종류 비중,marker tap -> sheet; '리스트 보기' -> setFilter(location) + ReportListScreen(tab),lib/screens/report_map_screen.dart:1059,_showPointBottomSheet/_openAddressReportList,existing,code,,code-verified,
MAP-08,ReportMap,,both,'묶음 신고 지점' aggregate sheet (no list button),cluster tap -> sheet (plus zoomToBoundsOnClick),lib/screens/report_map_screen.dart:964,_showClusterBottomSheet,existing,code,,code-verified,
MAP-09,ReportMap,,both,FAB my_location / location_disabled,tap -> permission + locate + move camera; SnackBar '설정' actions,lib/screens/report_map_screen.dart:997,_buildCurrentLocationButton,existing,code,,code-verified,
MAP-10,ReportMap,,both,'미변환 주소 목록' counts; ExpansionTile per address with count pill; ReportListCards,card tap -> detail (long-press no-op),lib/screens/report_map_screen.dart:464,_showMissingAddressSheet,existing,code,,code-verified,
NOTI-01,Notifications,,both,AppBar '알림 기록','모두 읽음' -> markAllRead; delete_sweep -> confirm '알림 기록 삭제' -> clearAll,lib/screens/notifications_screen.dart:432,AppBar actions,existing,code,,code-verified,알림 기록 삭제는 기존 기능(신고 삭제 아님)
NOTI-02,Notifications,,both,subtabs 크롤링 현황/신고 결과/별점 주기 with red unread badges,tab switch synced to preferredTabIndex,lib/screens/notifications_screen.dart:450,_tabWithBadge,existing,code,,code-verified,"SrTabBar 로 교체, 미읽음 배지 유지"
NOTI-03,Notifications,,client,n/a,init/resume/refresh -> getCrawlDone -> fetchCrawlResults -> addFromServerResults + native notification (nav_tab 4 nav_subtab 1),lib/screens/notifications_screen.dart:80,_fetchServerResults,existing,code,,code-verified,returns early in standalone
NOTI-04,Notifications,크롤링 현황,both,tile unread dot/icon/title/body/신고번호/timestamp,tap -> markRead + generic sheet; '신고 결과 보기' (when changes) -> subtab 1,lib/screens/notifications_screen.dart:167,_showDetail/_NotifTile,existing,code,,code-verified,
NOTI-05,Notifications,신고 결과,both,tile + status chip + fine chip (indigo for duplicates),tap -> markRead + showReportDetailSheet or showDuplicateGroupDetailSheet,lib/screens/notifications_screen.dart:148,_showDetail,existing,code,,code-verified,
NOTI-06,Notifications,별점 주기,both,batch tile title/time/body/성공·스킵·실패/목표 점/실패 신고번호,tap -> sheet (counts/목표/선택·실행 건수/실행 모드/완료 시각/items); item tap -> report detail,lib/screens/notifications_screen.dart:234,_showRatingDetail/_RatingBatchTile/_RatingReportCard,existing,code,,code-verified,
NOTI-07,Notifications,all,both,empty states per tab,pull-to-refresh -> history.load + _fetchServerResults,lib/screens/notifications_screen.dart:511,_refresh,existing,code,,code-verified,no per-item swipe/delete/long-press (verified absent)
FILE-01,FileBrowser,,client,'파일 브라우저'; server tree (lazy dir expand; name desc),tap folder -> expand (api.getFiles); pull-to-refresh _loadServer(''),lib/screens/file_browser_screen.dart:1098,_TreeNode,existing,code,,code-verified,(D-06) 진입: 설정 > 데이터 관리 > 파일 관리 (이전 하단 파일 탭). 화면 기능 동일
FILE-02,FileBrowser,,client,details sheet 경로/크기/수정일,file tap -> sheet; '다운로드' -> api.downloadFile -> save downloads/ -> OpenFilex (share fallback),lib/screens/file_browser_screen.dart:714,_showServerFileDetails/_downloadServerItems,existing,code,,code-verified,
FILE-03,FileBrowser,,client,selection AppBar,long-press select; download (multi = zip archive); delete -> confirm -> api.deleteFiles (SERVER file deletion),lib/screens/file_browser_screen.dart:1052,_downloadSelectedServerFiles/_deleteSelectedServerFiles,existing,code,,code-verified,서버 파일 삭제 = 기존 기능(신고 레코드 삭제 아님)
FILE-04,FileBrowser,,standalone,'현재 위치' path card; '상위 폴더로 이동'; folders,folder tap -> navigate,lib/screens/file_browser_screen.dart:842,_buildLocalPathCard/_buildLocalEntry,existing,code,,code-verified,(D-06) 진입: 설정 > 데이터 관리 > 파일 관리 (이전 하단 파일 탭). 화면 기능 동일
FILE-05,FileBrowser,,standalone,file name/size/modified/'길게 눌러 선택',tap -> temp copy + OpenFilex; share icon -> Share; delete icon -> confirm -> deleteSync (LOCAL file only; not DB),lib/screens/file_browser_screen.dart:894,_openLocalFile/_shareLocalFile/_deleteLocalFile,existing,code,,code-verified,
FILE-06,FileBrowser,,standalone,selection AppBar,long-press multi-select; share selected; delete selected (confirm),lib/screens/file_browser_screen.dart:938,_buildStandaloneAppBar,existing,code,,code-verified,
FILE-07,FileBrowser,,standalone,FAB 'Excel 내보내기',-> 3 sheets 교통위반/주정차위반/기타위반 -> 안전신문고_ts.xlsx in exports,lib/screens/file_browser_screen.dart:969,_exportExcel,existing,code,,code-verified,
FILE-08,FileBrowser,,both,n/a,reload on filesRefreshNonce (tab switch),lib/screens/file_browser_screen.dart:207,didChangeDependencies,existing,code,,code-verified,(D-06) 진입: 설정 > 데이터 관리 > 파일 관리 (이전 하단 파일 탭). 화면 기능 동일
CRAWL-01,Crawl/Sync,,standalone,'데이터 동기화'; 마지막 동기화 (relative)/저장된 신고 N건,settings icon; pull-to-refresh _loadStandaloneInfo,lib/screens/crawl_screen.dart:436,_buildStandalone/_infoCard,existing,code,,code-verified,"(D-06) 진입: 대시보드 동기화 카드/앱바 버튼, 딥링크 nav_tab=6 (이전 하단 7번째 탭). 화면 기능 동일"
CRAWL-02,Crawl/Sync,,standalone,'동기화' / '전체 재동기화' / stop,SyncEngine.start(fullSync false); confirm -> start(true); SyncEngine.stop; both disabled when isStandaloneDemo,lib/screens/crawl_screen.dart:590,_syncButtons/_confirmFullSync,existing,code,,code-verified,
CRAWL-03,Crawl/Sync,,demo,orange demo info card text,none,lib/screens/crawl_screen.dart:568,_demoInfoCard,existing,code,,code-verified,
CRAWL-04,Crawl/Sync,,standalone,'상세 조회 중... x / y' progress bar,none,lib/screens/crawl_screen.dart:541,_progressBar,existing,code,,code-verified,
CRAWL-05,Crawl/Sync,,both,log panel 0xFF1E1E1E; 실행 중/대기 중; greenAccent monospace,auto-scroll,lib/screens/crawl_screen.dart:869,_logPanel,existing,code,,code-verified,
CRAWL-06,Crawl/Sync,,client,'크롤링 제어'; 크롤링 방식 chip API/웹,config load; status poll 5s; WS logs,lib/screens/crawl_screen.dart:662,_buildServer/_loadConfig/_connectWs,existing,code,,code-verified,
CRAWL-07,Crawl/Sync,,client,1. 로그인 모드 회원/비회원; 2. 범위 전체/최소 (disabled for api)/DB 초기화; 탐색 페이지 한도; 4. 큐 textarea,radio + text inputs,lib/screens/crawl_screen.dart:728,_radioTile,existing,code,,code-verified,
CRAWL-08,Crawl/Sync,,client,'크롤링 시작' / '재개' (nonmember) / '강제 중지',start (reset -> 'DB 초기화 경고' confirm) -> api.startCrawl; resumeCrawl; confirm -> killCrawl,lib/screens/crawl_screen.dart:823,_startCrawl/_resumeCrawl/_killCrawl,existing,code,,code-verified,
CRAWL-09,Crawl/Sync,,both,SnackBars,quick_sync (standalone; blocked in demo) / quick_crawl (client),lib/screens/crawl_screen.dart:98,handleQuickAction,existing,code,,code-verified,
SET-01,Settings,,both,'앱 설정'; 연결 방식 card: 직접 연결 (스탠드어론)/Client 모드 + username/baseUrl,'변경' -> _confirmModeReset,lib/screens/settings_screen.dart:936,_confirmModeReset,existing,code,,code-verified,
SET-02,Settings,,standalone,dialog 'Client 모드로 전환','전환' -> auto backup standalone_backup_ts.db -> resetConfig -> SetupScreen,lib/screens/settings_screen.dart:658,_confirmStandaloneToServer,existing,code,,code-verified,
SET-03,Settings,,client,dialog 'Standalone 모드로 전환' with 3 choices,서버 DB 받아 변환 (downloadDb) / 백업 파일 선택 (FilePicker .db+wal/shm) / 처음부터 시작 -> PendingDbImportAction.save -> resetConfig -> SetupScreen,lib/screens/settings_screen.dart:728,_confirmServerToStandalone,existing,code,test/services/pending_db_import_action_test.dart,code-verified,
SET-04,Settings,,both,'화면 테마' radios 시스템 설정 사용/라이트 모드/다크 모드 + '현재 선택' box,select -> provider.setThemeMode,lib/screens/settings_screen.dart:1013,RadioGroup<AppThemeMode>,existing,code,,code-verified,테마 저장/복원 보존 필수
SET-05,Settings,,standalone,'안전신문고 계정' 아이디/휴대폰번호,'재로그인 / 휴대폰번호 갱신' -> dialog -> demo seed or StandaloneAuthService.login -> setStandaloneConfig,lib/screens/settings_screen.dart:1096,_showReloginDialog,existing,code,,code-verified,
SET-06,Settings,,standalone,'지도 지오코딩' Kakao REST API Key (obscure toggle),'카카오 키 저장' -> setStandaloneKakaoRestApiKey,lib/screens/settings_screen.dart:1141,_saveStandaloneKakaoKey,existing,code,,code-verified,
SET-07,Settings,,client,서버 vX / 최신·업데이트 가능·확인 불가,refresh -> _loadServerVersion,lib/screens/settings_screen.dart:1208,_loadServerVersion,existing,code,test/services/server_connection_service_test.dart,code-verified,
SET-08,Settings,,client,'서버 연결' URL + API Key + test result box,clear URL; toggle/copy key; '연결 테스트' -> http summary; '저장' -> setConfig + refreshAll,lib/screens/settings_screen.dart:1289,_testConnection/_save,existing,code,,code-verified,
SET-09,Settings,,client,'크롤링 자동 저장' switches 엑셀 자동 저장 / 구글 스프레드시트 자동 업로드,toggle -> api.updateSettings(auto_export_excel/sheet),lib/screens/settings_screen.dart:1410,_toggleFilter,existing,code,,code-verified,forced off in standalone :115
SET-10,Settings,,both,'기타 데이터 필터 세팅' 경찰 기관명 정규화/취하 데이터 숨기기/중복 신고 대표건만 반영,toggle -> standalone setStandaloneFilter; client api.updateSettings + refreshAll,lib/screens/settings_screen.dart:1487,_toggleFilter,existing,code,,code-verified,통계 개선 시 모든 카드·차트에 동일 적용
SET-11,Settings,,both,'데이터베이스 관리' 'DB 백업 (다운로드)',standalone LocalDbService.exportBackup / client api.downloadDb -> exportsRoot/backup_data_ts.db,lib/screens/settings_screen.dart:1625,_backupDb,existing,code,,code-verified,"카드 제목 ""데이터 관리""로 변경, 첫 버튼 ""파일 관리"" 추가(D-06)"
SET-12,Settings,,both,'DB 복원 (업로드)',FilePicker -> confirm -> standalone detectDbKind -> importFromServerDb / replaceFromBackup; client api.uploadDb (server replaces its DB),lib/screens/settings_screen.dart:1643,_restoreDb,existing,code,test/services/local_db_service_regression_test.dart,code-verified,유일한 DB 복원 진입점. '일반 파일 업로드'와 다름
SET-13,Settings,,both,'앱 정보' 버전/플랫폼/공식 출처 URL/disclaimer 3 lines/INTERNET note,'안전신문고 공식 사이트 열기'; '버그 제보하기' -> GitHub 새 이슈(버전·모드·OS 미리 채움; 2026-09-24),lib/screens/settings_screen.dart:1656,_openOfficialSource/_openBugReport,existing,code,,code-verified,출처/비공식 고지 보존 필수 (Play 정책)
SET-14,Settings,,client,'백그라운드 서버 연결' pill 실행 중/중지됨,'서비스 시작/중지' -> PermissionService.start/stopWsService,lib/screens/settings_screen.dart:1765,_toggleWsService,existing,code,,code-verified,
SET-15,Settings,,both,'권한 설정' card,tap -> PermissionScreen,lib/screens/settings_screen.dart:1868,InkWell,existing,code,,code-verified,
SET-16,Settings,,both,'홈페이지 바로가기',launchUrl hb.worklazy.net/mysafetyreport,lib/screens/settings_screen.dart:1910,OutlinedButton,existing,code,,code-verified,
SETUP-01,Setup,mode select,both,'나만의 안전신문고' + Client 모드 / Standalone 모드 cards,tap -> serverConfig / standaloneConfig step,lib/screens/setup_screen.dart:219,_buildModeSelect,existing,code,,code-verified,
SETUP-02,Setup,server config,client,서버 URL / API Key,'연결 확인 후 시작하기' -> ServerConnectionService.testConnection -> setConfig -> PermissionScreen(isSetup),lib/screens/setup_screen.dart:63,_connectServer,existing,code,test/services/server_connection_service_test.dart,code-verified,
SETUP-03,Setup,standalone login,standalone,아이디/비밀번호/휴대폰번호 + RSA info box,'로그인' -> StandaloneAuthService.login -> setStandaloneConfig -> _applyPendingDbImport -> PermissionScreen,lib/screens/setup_screen.dart:99,_loginStandalone,existing,code,,code-verified,테스트에서 운영 로그인 금지
SETUP-04,Setup,standalone login,demo,same form,demo credentials -> seedPlayReviewDemo -> setStandaloneConfig(isDemoMode) -> clear pendingDbImport -> PermissionScreen,lib/screens/setup_screen.dart:104,_isPlayReviewDemoLogin,existing,code,,code-verified,Play 심사 경로 보존 필수
SETUP-05,Setup,standalone login,standalone,success/orange failure SnackBar,PendingDbImportAction.readAndClear().apply() -> refreshAll,lib/screens/setup_screen.dart:171,_applyPendingDbImport,existing,code,test/services/pending_db_import_action_test.dart,code-verified,
PERM-01,PermissionScreen,,both,cards 알림 접근/배터리 최적화 제외/알림 표시 (13+)/위치 (선택)/WebSocket (client only),per-card grant -> PermissionService.*,lib/screens/permission_screen.dart:148,_PermCard,existing,code,,code-verified,
PERM-02,PermissionScreen,,both,'모든 권한 한 번에 허용하기',_grantAll (WS start only in client),lib/screens/permission_screen.dart:244,_grantAll,existing,code,,code-verified,
PERM-03,PermissionScreen,,both,green/orange all-granted banner,none,lib/screens/permission_screen.dart:255,_allGranted,existing,code,,code-verified,standalone ignores WS :77
PERM-04,PermissionScreen,,both,'완료'/'나중에 설정하기' (isSetup); '권한 상태 새로고침',-> MainNavigationScreen (clear stack); _checkAll,lib/screens/permission_screen.dart:294,FilledButton/TextButton,existing,code,,code-verified,
DETAIL-01,ReportDetailSheet (widget),,both,name + status chip,open: markReportRead + draggable sheet 0.3-0.95,lib/widgets/report_detail_sheet.dart:33,showReportDetailSheet,existing,code,,code-verified,no mode branches in sheet
DETAIL-02,ReportDetailSheet (widget),,both,신고번호/내부 ID/신고일/답변일/처리기관/과태료·범칙금/벌점/발생일자+시각/별점/별점사유,none,lib/widgets/report_detail_sheet.dart:249,_field,existing,code,,code-verified,
DETAIL-03,ReportDetailSheet (widget),,both,link fields 담당자/차량번호/위반법규/위반장소 (underlined),tap -> refreshCategoryForReport -> setFilter -> pop -> ReportListScreen(tab),lib/widgets/report_detail_sheet.dart:675,_linkField/_navigateToFiltered,existing,code,test/report_navigation_regression_test.dart,code-verified,카테고리 못 찾으면 이동 차단 + SnackBar (교통 탭 기본 이동 금지)
DETAIL-04,ReportDetailSheet (widget),,both,신고내용 / 처리내용 selectable blocks,text select,lib/widgets/report_detail_sheet.dart:312,_textBlock,existing,code,,code-verified,
DETAIL-05,ReportDetailSheet (widget),,both,보완 요청 section: count/미응답·응답 완료/요청자/요청·완료 일시/신고자 의견,none,lib/widgets/report_detail_sheet.dart:1364,_SupplementSection,existing,code,,code-verified,
DETAIL-06,ReportDetailSheet (widget),,both,'전화걸기 N' (phone parsed from 처리내용),tap -> launchUrl tel:,lib/widgets/report_detail_sheet.dart:334,_extractPhone,existing,code,,code-verified,
DETAIL-07,ReportDetailSheet (widget),,both,첨부 사진 (map image + photos + image files) with retry,'다시 시도'; '다른 앱으로 열기' -> temp download + OpenFilex,lib/widgets/report_detail_sheet.dart:349,_RetryableImage/_openExternal,existing,code,,code-verified,
DETAIL-08,ReportDetailSheet (widget),,both,첨부 동영상 inline player(2026-09-24부터 탭해야 불러옴 — 자동 로딩 중 스크롤 멈춤 수정); 첨부파일 via player with filename,tap for controls/play-pause/seek slider/fullscreen; '다른 앱으로 열기',lib/widgets/report_detail_sheet.dart:382,_VideoPlayer,existing,code,,code-verified,스크롤 후 복귀 시 재생 유지 정책(1.3.5) 회귀 금지
DETAIL-09,ReportDetailSheet (widget),,both,fullscreen video (landscape lock),controls; fullscreen_exit -> pop,lib/widgets/report_detail_sheet.dart:702,_FullscreenVideoPage,existing,code,,code-verified,
DETAIL-10,ReportDetailSheet (widget),,both,'안전신문고 앱에서 보기' + hint text,-> launchUrl buildSafetyReportAppUri(report.id) external,lib/widgets/report_detail_sheet.dart:439,_openInSafetyApp,existing,code,test/report_navigation_regression_test.dart,code-verified,
DETAIL-11,ReportDetailSheet (widget),,both,'정부 정보 원문 출처' URL + disclaimer,'안전신문고 공식 사이트 열기',lib/widgets/report_detail_sheet.dart:451,_openOfficialSource,existing,code,,code-verified,출처/비공식 고지 보존 필수
DGD-01,DuplicateGroupDetailSheet (widget),,both,rep name; chips 상태/대표건/멤버; 대표 신고 ID/신고번호/신고명/처리상태/처리기관; member list (star = rep),member tap -> showReportDetailSheet,lib/widgets/duplicate_group_detail_sheet.dart:60,showDuplicateGroupDetailSheet,existing,code,,code-verified,
ENH-01,Statistics,,both,요약 카드(총 신고/답변 완료/처리중/보완요청/결과별/평균 처리기간),display,lib/widgets/stats_overview_section.dart,StatsOverviewSection,approved-enhancement,사용자 승인 방향(통계 정보구조·시각화) + statistics-spec §3,test/widgets/stats_overview_section_test.dart; test/services/stats_overview_test.dart,implemented,S-02: 평균 처리기간은 원자료 직접 계산 + 표본 수 표시. Standalone LocalDbService.computeStatsOverview / Client GET /api/v1/stats/overview
ENH-02,Statistics,,both,월별 신고(신고일 기준) / 월별 답변(답변일 기준) 두 시리즈,display,lib/widgets/stats_overview_section.dart,StatsOverviewSection,approved-enhancement,사용자 승인 방향(월별 신고현황) + statistics-spec §3.2,test/widgets/stats_overview_section_test.dart; test/services/stats_overview_test.dart,implemented,"월별 신고(신고일)·월별 답변(답변일) 두 시리즈, 점선으로 구분. Client 는 서버 신규 API(사용자 결정)"
ENH-03,Statistics,,both,처리 결과 비율 도넛 + 분모 표기,display,,,approved-enhancement,statistics-spec §3.3,,spec-draft,시안 도넛은 처리중 누락 → 채택 안 함
ENH-04,Statistics,,both,기관·담당자 Top N 가로 막대 (기존 AgencyStatRow 활용),tap -> 기존 drilldown과 동일,,,approved-enhancement,statistics-spec §3.4,,spec-draft,기존 상세표(STAT-07/08) 보존
UNS-01,(시안) 전역,,both,'신고하기'/신규 신고 접수,없음,,,unsupported,PROJECT_RULES §1 금지,,excluded,UI COMPONENT KIT '+' FAB 의미 미정 → 신고 접수로 쓰지 않음
UNS-02,(시안) 알림,,both,'시스템 공지' 항목,없음,,,unsupported,코드 근거 없음 (NotificationItemKind 에 없음),,excluded,mobile dark/white 05번 화면
UNS-03,(시안) board 빈 상태,,both,'파일 업로드' 버튼,없음,,,unsupported,코드 근거 없음 (파일 탭에 업로드 없음; DB 복원 SET-12와 다름),,excluded,
UNS-04,(시안) 컴포넌트 바텀시트,,both,'선택 삭제'(신고 레코드 삭제),없음,,,unsupported,PROJECT_RULES §1 금지,,excluded,파일 삭제(FILE-03/05)·알림 기록 삭제(NOTI-01)와 구분
UNS-05,(시안) PC 구성,,both,사이드 내비·데이터 테이블 컬럼 선택·페이지네이션·전역 검색,없음,,,unsupported,PC 전용 (pc-only),,excluded,PC 웹은 별도 레포
DEC-01,(시안) 알림,,both,상단 [알림 | 크롤링] 분리 + 크롤링/동기화 상태 카드 + '지금 동기화하기',없음,,,needs-decision,현행: 알림 3 하위 탭 + 7번째 탭 크롤링/동기화,,needs-decision,Client 크롤링과 Standalone 동기화 혼합 위험. 현행 구조 유지 권고
DEC-02,(시안) 하단 내비,,both,화이트 시안 하단 탭 5개,없음,,,needs-decision,현행 7개 (NAV-01),,needs-decision,다크 시안(7개)을 따르고 5개 안은 채택하지 않는 것을 권고
DEC-03,(시안) 신고관리,,both,신고관리 상단 뒤로가기(화이트 시안),없음,,,needs-decision,현행 하단 탭 루트 화면,,needs-decision,채택 안 함 권고
DEC-04,(시안) 대시보드,,both,히어로 배너 이미지 + 인사 문구 '안녕하세요!',없음,,,needs-decision,현행 없음,,needs-decision,배너 문구 구워짐(asset-manifest) → 텍스트는 Flutter로
DEC-05,(시안) 신고 카드,,both,카드 썸네일(첨부 사진),없음,,,needs-decision,현행 카드에 이미지 없음,,needs-decision,목록 성능·데이터 사용량 영향. 첨부 URL은 상세에서만 로드됨
MODE-01,Dashboard,,both,실행 모드 배지 Client / Standalone / Standalone · 데모,none (display),lib/widgets/mode_badge.dart,ModeBadge,approved-enhancement,D-03 사용자 결정(2026-09-24),test/theme/theme_contrast_test.dart,implemented,대시보드 앱바. 설정 연결 방식 카드 등 추가 위치는 이후 화면 그룹 작업
STAT-10,Statistics,,both,"요약 카드(총 신고/답변 완료/처리 중+보완요청/평균 처리기간+표본) + 월별 추이 + 기준 각주, 구서버 미지원 안내",none (display); pull-to-refresh 는 기관표와 공유,lib/screens/statistics_screen.dart,_loadOverview/_overviewHeader,approved-enhancement,statistics-spec §3·§6-1,test/widgets/stats_overview_section_test.dart,implemented,기관표 목록 머리에 붙음. 요약 실패해도 기관표·drilldown 은 유지
NAV-15,Dashboard,,both,"동기화/크롤링 상태 카드: 진행 중 표시, Standalone 마지막 동기화 시각, 데모 안내, Client 안내 문구",tap -> AppRoutes.openCrawl,lib/widgets/sync_status_card.dart,SyncStatusCard,approved-enhancement,D-06 사용자 결정 2026-09-24,,implemented,모드 혼합 없음: 실행은 기존 CrawlScreen 이 담당
SET-17,Settings,,both,연결 방식 카드에 ModeBadge,none (display),lib/screens/settings_screen.dart,ModeBadge,approved-enhancement,D-03 사용자 결정,,implemented,
SET-18,Settings,,both,'도움·문의' 카드(설정 맨 위: 연결 방식 카드 바로 아래),'버그 제보하기'(FilledTonal) / '기능 요청' -> GitHub 새 이슈(앱 버전·모드·OS 미리 채움 / 개인정보 자동 기입 없음); '사용 가이드' -> hb.worklazy.net/mysafetyreport,lib/screens/settings_screen.dart,_SupportCard,approved-enhancement,user-request 2026-09-24,test/services/support_links_test.dart,code-verified,버그 제보 위치를 사용자가 찾지 못한다는 제보로 앱 정보 맨 아래에서 옮김
SET-19,Settings,,standalone,계정 카드 '마지막 로그인: M/D HH:mm 성공|연결 실패|거부됨|로그인 정보 없음' + 실패 사유(데모 제외),none (display),lib/widgets/auth_status_notice.dart,AuthStatusLine,approved-enhancement,user-request 2026-09-24,test/services/standalone_auth_relogin_test.dart,code-verified,StandaloneAuthService.status 구독
SET-20,Settings,,both,도움·문의 카드 'Play 스토어에서 평가하기',InAppReview.openStoreListing (조건 없음),lib/screens/settings_screen.dart,_SupportCard,approved-enhancement,user-request 2026-09-24,,code-verified,에뮬레이터 화면 확인·탭 미실행
DASH-12,Dashboard,,standalone,맨 위 '안전신문고 재로그인이 필요합니다' 경고(비밀번호 거부·로그인 정보 없음일 때만; 데모·일시 오류 제외),'재로그인' -> SettingsScreen(openReloginOnStart) 재로그인 창,lib/widgets/auth_status_notice.dart,ReloginRequiredBanner,approved-enhancement,user-request 2026-09-24,test/widgets/auth_status_notice_test.dart,code-verified,동기화 화면(Standalone) 맨 위에도 같은 경고
BG-01,Background,,standalone,하루 1회 로그인 점검(WorkManager; 네트워크·배터리 조건; 첫 실행 6시간 뒤),재로그인 필요 시 '🔐 안전신문고 재로그인 필요' 알림(72시간에 1회) -> 앱 열기,lib/services/background_login_check.dart,BackgroundLoginCheck,approved-enhancement,user-request 2026-09-24,test/services/background_login_check_test.dart,code-verified,Kotlin SafetyReportApplication 이 prefs 키로 알림; 에뮬레이터에서 알림·백그라운드 실행 확인
REVIEW-01,ReportDetailSheet (widget),,both,Play 앱 내 리뷰 창(구글이 표시 여부 결정),최근 3일 안에 받은 수용·과태료·범칙금 결과 상세를 닫은 뒤; 설치 7일·사용한 날 5일·90일 간격·평생 3회·이번 실행 오류 없음·데모 제외,lib/services/review_prompt_service.dart,ReviewPromptService.maybeRequestAfterViewing,approved-enhancement,user-request 2026-09-24,test/services/review_prompt_service_test.dart,code-verified,실제 리뷰 창은 Play 설치본(내부 테스트 트랙)에서만 확인 가능 — NOT_RUN
